"gisid","latitude","longitude","High Activity Insitu Well Pads","Roads","Plant/Mine","Dense Linear Features","Low Activity Well Pads","Plant/Mine Buffer","Low Disturbance/Reference"
"2-0-A29_686_2021",54.857313,-111.504967,0,0,0,0,0,0,1
"2-0-A46_686_2021",54.916743,-111.384751,0,0,0,0,0,0,1
"2-0-A78_686_2021",54.867303,-111.482167,0,1,0,0,0,0,0
"3-0-A24_686_2021",55.526009,-110.965081,0,0,0,0,1,0,0
"3-0-A56_686_2021",55.362945,-111.088913,0,1,0,0,0,0,0
"3-0-A6_686_2021",55.356495,-111.051984,0,0,0,0.316,0.535,0.148,0
"3-0-A62_686_2021",55.521421,-110.984018,0,0,0.054,0,0,0.946,0
"3-0-A68_686_2021",55.561289,-110.921081,0,0,0.156,0,0,0.844,0
"8-1F1-CA1_686_2021",57.247662,-111.586929,0,0,0.445,0,0,0.554,0
"8-2F3-CA5_686_2021",57.360854,-111.841222,0,0,0,0,0,1,0
"8-3E1-CA10_686_2021",57.280725,-111.916397,0,0,0,0,1,0,0
"8-3F1-CA10_686_2021",57.37089,-111.993352,0,0.689,0,0,0.311,0,0
"13-1C1-CA1_1174_2022",57.123597,-111.093166,0,0,0,1,0,0,0
"13-1D1-CA6_1174_2022",57.204834,-111.034672,0,0.229,0,0,0.771,0,0
"13-2A1-CA2_1174_2022",57.053843,-111.231515,0,0,0,0,0,0,1
"13-2A1-CA3_1174_2022",57.061035,-111.223244,0,0,0,0,0,0,1
"13-2D1-CA2_1174_2022",57.234061,-111.108834,1,0,0,0,0,0,0
"13-2E1-CA5_1174_2022",57.284391,-111.283799,0,0,0,0,1,0,0
"9-1F2-CA1_2088_2023",55.995863,-113.472697,0,0,0.453,0,0,0.547,0
"19-1G1-CA1_3444_2024",55.34378,-110.70705,0,0,0,0,1,0,0
"19-1G1-CA2_3444_2024",55.34601,-110.70145,0,0,0,0,1,0,0
"19-1G1-CA3_3444_2024",55.34829,-110.70704,0,0,0,0,1,0,0
"19-1G2-CA1_3444_2024",55.3895,-110.6901,0,0,0,0.877,0.122,0,0
"19-1G2-CA2_3444_2024",55.39061,-110.69918,0,0,0,0,1,0,0
"19-1G2-CA3_3444_2024",55.39296,-110.6941,0,0,0,0,1,0,0
"19-1G2-CA4_3444_2024",55.39297,-110.68641,0,0,0,0,1,0,0
"19-1G2-CA5_3444_2024",55.39536,-110.70043,0,0,0,0,1,0,0
"19-2G1-CA2_3444_2024",55.34067,-110.67579,0,0,0,0.352,0,0,0.647
"19-2G1-CA3_3444_2024",55.34135,-110.68462,0,0.915,0,0.075,0,0,0.01
"19-2G1-CA4_3444_2024",55.34373,-110.67295,0,0,0,0.052,0.182,0,0.765
"19-2G1-CA5_3444_2024",55.34681,-110.68507,0,1,0,0,0,0,0
"19-2G1-CA6_3444_2024",55.34816,-110.67756,0,0.977,0,0,0.022,0,0
"19-2G2-CA1_3444_2024",55.36744,-110.69673,0,1,0,0,0,0,0
"19-2G2-CA2_3444_2024",55.36991,-110.69067,0,0,0,0,1,0,0
"19-2G2-CA3_3444_2024",55.37194,-110.69597,0,0,0,0,1,0,0
"19-2G2-CA4_3444_2024",55.37094,-110.70259,0,0,0,0,1,0,0
"19-2G2-CA5_3444_2024",55.37612,-110.70374,0,0,0,0,1,0,0
"2-1A1-CA1_3444_2024",54.95005,-111.647127,0,0,0,0,0,0,1
"2-1A1-CA6_3444_2024",54.95584,-111.64809,0,0,0,0,0,0,1
"2-1A1-CA7_3444_2024",54.95465,-111.66635,0,0,0,0,0,0,1
"2-1B1-CA1_3444_2024",54.945337,-111.614007,0,1,0,0,0,0,0
"2-1B1-CA2_3444_2024",54.944271,-111.60697,0,1,0,0,0,0,0
"2-1B1-CA3_3444_2024",54.947892,-111.618908,0,0.883,0,0,0,0,0.116
"2-1B1-CA4_3444_2024",54.941913,-111.61199,0,0.062,0,0,0,0,0.938
"2-2A1-CA2_3444_2024",54.922647,-111.579828,0,0,0,0,0,0,1
"2-2A1-CA3_3444_2024",54.925198,-111.568844,0,0,0,0,0,0,1
"2-2A1-CA6_3444_2024",54.92898,-111.58704,0,0,0,0,0,0,1
"2-2A1-CA7_3444_2024",54.91442,-111.58162,0,0,0,0,0,0,1
"2-2B1-CA2_3444_2024",54.966593,-111.634985,0,0.995,0,0,0,0,0.004
"2-2B1-CA3_3444_2024",54.960752,-111.628988,0,0.807,0,0,0,0,0.193
"2-2B1-CA4_3444_2024",54.961225,-111.636838,0,0.007,0,0,0,0,0.993
"2-2B1-CA6_3444_2024",54.95496,-111.62882,0,1,0,0,0,0,0
"3-1A3-CA1_3444_2024",55.48678,-110.75188,0,0.15,0,0,0,0,0.85
"3-1A3-CA2_3444_2024",55.48975,-110.7504,0,0,0,0,0,0,1
"3-1A3-CA3_3444_2024",55.49092,-110.75835,0,0,0,0,0,0,1
"3-1A3-CA4_3444_2024",55.49391,-110.76252,0,0,0,0,0,0,1
"3-1B1-CA1_3444_2024",55.50845,-110.85169,0,0.794,0,0,0.205,0,0
"3-1B1-CA2_3444_2024",55.50687,-110.85285,0,0.832,0,0,0.167,0,0
"3-1B1-CA3_3444_2024",55.51127,-110.84732,0,0.574,0,0,0.426,0,0
"3-1B1-CA4_3444_2024",55.51233,-110.85557,0,0.135,0,0,0.864,0,0
"3-1C1-CA2_3444_2024",55.434661,-111.12327,0,0,0,1,0,0,0
"3-1C1-CA3_3444_2024",55.437901,-111.125971,0,0,0,1,0,0,0
"3-1C1-CA4_3444_2024",55.437442,-111.141155,0,0.018,0,0.982,0,0,0
"3-1C2-CA1_3444_2024",55.35579,-110.85571,0,0,0,1,0,0,0
"3-1C2-CA2_3444_2024",55.35707,-110.87171,0,0,0,1,0,0,0
"3-1C2-CA3_3444_2024",55.35389,-110.8655,0,0,0,1,0,0,0
"3-1C2-CA4_3444_2024",55.3542,-110.87944,0,0,0,1,0,0,0
"3-1C3-CA1_3444_2024",55.49156,-110.96055,0,0,0,1,0,0,0
"3-1C3-CA2_3444_2024",55.49637,-110.96862,0,0,0,1,0,0,0
"3-1C3-CA3_3444_2024",55.49641,-110.95526,0,0,0,0.826,0.173,0,0
"3-1C3-CA4_3444_2024",55.49199,-110.97138,0,0,0,1,0,0,0
"3-1C4-CA1_3444_2024",55.34448,-110.933,0,0,0,1,0,0,0
"3-1C4-CA2_3444_2024",55.34879,-110.92751,0,0,0,0.587,0.412,0,0
"3-1C4-CA3_3444_2024",55.34831,-110.93905,0,0,0,0.861,0.139,0,0
"3-1C4-CA4_3444_2024",55.34585,-110.91912,0,0,0,1,0,0,0
"3-1D1-CA1_3444_2024",55.539129,-110.89392,1,0,0,0,0,0,0
"3-1D1-CA3_3444_2024",55.537295,-110.909034,1,0,0,0,0,0,0
"3-1D1-CA4_3444_2024",55.543444,-110.891873,1,0,0,0,0,0,0
"3-1D1-CA7_3444_2024",55.54356,-110.90509,1,0,0,0,0,0,0
"3-1D2-CA2_3444_2024",55.52165,-111.05488,0,0.476,0,0,0.524,0,0
"3-1D2-CA4_3444_2024",55.52255,-111.06084,0,0.897,0,0,0.102,0,0
"3-1D2-CA5_3444_2024",55.52576,-111.05289,0,1,0,0,0,0,0
"3-1D3-CA1_3444_2024",55.57888,-110.81865,1,0,0,0,0,0,0
"3-1D3-CA2_3444_2024",55.58733,-110.80967,1,0,0,0,0,0,0
"3-1D3-CA4_3444_2024",55.58187,-110.8114,0.805,0,0,0,0.194,0,0
"3-1D3-CA5_3444_2024",55.58651,-110.79873,0.044,0.851,0,0,0.104,0,0
"3-1D4-CA1_3444_2024",55.35603,-111.06174,0,0.587,0,0,0.412,0,0
"3-1D4-CA2_3444_2024",55.35372,-111.0519,0,0.066,0,0,0.004,0.929,0
"3-1D4-CA4_3444_2024",55.3527,-111.0668,0,0.569,0,0.046,0.385,0,0
"3-1D4-CA5_3444_2024",55.34944,-111.05428,0,0.016,0,0,0.635,0.348,0
"3-1E1-CA1_3444_2024",55.539379,-110.970047,0,0,0,0,1,0,0
"3-1E1-CA2_3444_2024",55.543934,-110.961986,0,0,0,0,1,0,0
"3-1E1-CA3_3444_2024",55.539445,-110.957232,0,0,0,0,1,0,0
"3-1E1-CA4_3444_2024",55.543793,-110.970938,0,0,0,0,1,0,0
"3-1E2-CA1_3444_2024",55.33535,-110.9842,0,0,0,0,1,0,0
"3-1E2-CA2_3444_2024",55.34121,-110.98306,0,0,0,0,1,0,0
"3-1E2-CA3_3444_2024",55.33853,-110.97503,0,0,0,0,1,0,0
"3-1E2-CA4_3444_2024",55.3377,-110.99501,0,0,0,0,1,0,0
"3-1F1-CA1_3444_2024",55.331692,-111.013588,0,0,0.341,0,0,0.659,0
"3-1F1-CA2_3444_2024",55.340884,-111.017287,0,0,0.325,0,0,0.675,0
"3-1F1-CA3_3444_2024",55.336483,-111.031328,0.454,0,0,0,0,0.545,0
"3-1F1-CA4_3444_2024",55.333999,-111.021021,0.076,0,0,0,0,0.924,0
"3-1F2-CA1_3444_2024",55.586658,-110.875123,0,0,0.291,0,0,0.709,0
"3-1F2-CA2_3444_2024",55.586989,-110.886973,0,0,0.416,0,0,0.584,0
"3-1F2-CA3_3444_2024",55.586545,-110.859076,0,0,0,0,0,1,0
"3-1F2-CA4_3444_2024",55.591028,-110.880959,0,0,0,0,0.068,0.931,0
"3-2A1-CA2_3444_2024",55.336443,-111.310006,0,0,0,0,0,0,1
"3-2A1-CA3_3444_2024",55.341959,-111.306996,0,0,0,0,0,0,1
"3-2A1-CA6_3444_2024",55.3377,-111.2928,0,0,0,0,0,0,1
"3-2A1-CA7_3444_2024",55.34011,-111.28799,0,0,0,0,0,0,1
"3-2B1-CA1_3444_2024",55.435481,-110.774258,0,1,0,0,0,0,0
"3-2B1-CA2_3444_2024",55.434331,-110.78304,0,1,0,0,0,0,0
"3-2B1-CA3_3444_2024",55.439562,-110.789483,0,0.914,0,0,0.086,0,0
"3-2B1-CA4_3444_2024",55.437087,-110.766168,0,0.198,0,0,0.802,0,0
"3-2C1-CA1_3444_2024",55.489916,-110.909972,0,0.006,0,0.709,0.285,0,0
"3-2C1-CA3_3444_2024",55.494688,-110.914826,0,0,0,0.502,0.497,0,0
"3-2D1-CA1_3444_2024",55.546859,-110.836583,1,0,0,0,0,0,0
"3-2D1-CA2_3444_2024",55.550075,-110.823088,1,0,0,0,0,0,0
"3-2D1-CA4_3444_2024",55.551837,-110.833841,1,0,0,0,0,0,0
"3-2E1-CA1_3444_2024",55.507692,-110.928164,0,0,0,0,1,0,0
"3-2E1-CA3_3444_2024",55.515403,-110.91085,0,0,0,0,1,0,0
"3-2E1-CA5_3444_2024",55.51123,-110.929061,0,0,0,0,1,0,0
"3-2E1-CA6_3444_2024",55.5125,-110.91438,0,0,0,0,1,0,0
"3-2F1-CA1_3444_2024",55.527525,-110.993557,0,0,0.27,0,0,0.729,0
"3-2F1-CA2_3444_2024",55.531993,-111.010492,0,0,0.264,0,0,0.736,0
"3-2F1-CA3_3444_2024",55.530618,-110.999021,0,0,0.004,0,0,0.996,0
"3-2F2-CA2_3444_2024",55.571529,-110.897933,0,0,0.492,0,0,0.507,0
"3-2F2-CA3_3444_2024",55.568088,-110.915983,0,0,0,0,0.048,0.952,0
"3-2F2-CA4_3444_2024",55.560624,-110.896021,0,0,0,0,0.339,0.66,0
"3-2F2-CA5_3444_2024",55.56577,-110.903095,0,0,0.548,0,0,0.451,0
"4-1A1-CA2_3444_2024",55.873563,-112.001284,0,0,0,0,0,0,1
"4-1A1-CA4_3444_2024",55.879304,-111.981767,0,0,0,0,0,0,1
"4-1A1-CA5_3444_2024",55.87682,-112.01024,0,0,0,0.889,0,0,0.11
"4-1A1-CA6_3444_2024",55.87566,-111.99088,0,0,0,0,0,0,1
"4-1C1-CA1_3444_2024",56.009638,-111.931976,0,0,0,1,0,0,0
"4-1C1-CA3_3444_2024",56.004498,-111.924188,0,0,0,1,0,0,0
"4-1C1-CA5_3444_2024",56.000411,-111.927015,0,0,0,1,0,0,0
"4-1C1-CA6_3444_2024",56.002281,-111.936055,0,0,0,1,0,0,0
"4-1G1-CA1_3444_2024",55.67444,-111.808087,0,0,0,1,0,0,0
"4-1G1-CA2_3444_2024",55.675323,-111.800945,0,0,0,1,0,0,0
"4-1G1-CA3_3444_2024",55.677601,-111.80524,0,0,0,1,0,0,0
"4-1G1-CA4_3444_2024",55.680365,-111.806062,0,0,0,0.942,0,0,0.058
"4-2G1-CA1_3444_2024",55.666397,-111.840134,0,0.248,0,0,0,0,0.752
"4-2G1-CA2_3444_2024",55.666829,-111.859917,0,0.089,0,0,0,0,0.91
"4-2G1-CA3_3444_2024",55.670688,-111.847768,0,0,0,0,0,0,1
"4-2G1-CA4_3444_2024",55.671489,-111.838008,0,0,0,0,0,0,1
"8-1A1-CA1_3444_2024",57.295479,-112.208158,0,0,0,0,0,0,1
"8-1A1-CA3_3444_2024",57.303628,-112.209887,0,0,0,0,0,0,1
"8-1A1-CA5_3444_2024",57.29997,-112.19944,0,0,0,0,0,0,1
"8-1A1-CA6_3444_2024",57.29998,-112.21314,0,0,0,0,0,0,1
"8-1B1-CA1_3444_2024",57.188875,-111.678468,0,0.999,0,0,0,0,0
"8-1B1-CA2_3444_2024",57.192716,-111.681934,0,1,0,0,0,0,0
"8-1B1-CA3_3444_2024",57.183412,-111.676833,0,0.865,0,0,0.135,0,0
"8-1B1-CA4_3444_2024",57.197256,-111.681135,0,0.098,0,0,0.9,0,0.001
"8-1C1-CA1_3444_2024",57.266984,-111.994467,0,0,0,0.963,0.037,0,0
"8-1C1-CA2_3444_2024",57.268491,-112.005856,0,0,0,1,0,0,0
"8-1C1-CA3_3444_2024",57.263334,-111.99598,0,0,0,1,0,0,0
"8-1C1-CA4_3444_2024",57.269513,-111.989904,0,0,0,0.833,0.167,0,0
"8-1E1-CA1_3444_2024",57.242172,-111.678449,0,0,0,0,1,0,0
"8-1E1-CA3_3444_2024",57.238833,-111.690942,0,0,0,0,1,0,0
"8-1E1-CA4_3444_2024",57.247247,-111.690805,0,0,0,0,1,0,0
"8-1E2-CA1_3444_2024",57.17518,-111.70154,0,0,0,0,1,0,0
"8-1E2-CA2_3444_2024",57.17368,-111.71512,0,0,0,0,1,0,0
"8-1E2-CA3_3444_2024",57.17156,-111.70649,0,0,0,0,1,0,0
"8-1E2-CA4_3444_2024",57.17671,-111.70836,0,0,0,0,1,0,0
"8-1E3-CA2_3444_2024",57.22155,-111.80779,0,0,0,0,1,0,0
"8-1E3-CA3_3444_2024",57.21627,-111.80641,0,0,0,0,1,0,0
"8-1F1-CA1_3444_2024",57.247662,-111.586929,0,0,0.445,0,0,0.554,0
"8-1F1-CA2_3444_2024",57.243588,-111.586901,0,0,0.434,0,0,0.565,0
"8-1F1-CA3_3444_2024",57.251404,-111.585221,0,0,0.844,0,0,0.155,0
"8-1F1-CA4_3444_2024",57.259281,-111.594782,0,0,0,0,0,1,0
"8-1F3-CA1_3444_2024",57.13354,-111.72663,0,0,0.421,0,0,0.578,0
"8-1F3-CA2_3444_2024",57.13406,-111.73774,0,0,0.108,0,0,0.891,0
"8-1F3-CA3_3444_2024",57.14102,-111.72655,0,1,0,0,0,0,0
"8-1F3-CA4_3444_2024",57.13638,-111.73183,0,0,0,0,0,0.786,0.213
"8-1F4-CA1_3444_2024",57.13227,-111.66911,0,0,0.376,0,0,0.624,0
"8-1F4-CA3_3444_2024",57.12846,-111.66751,0,0,0.03,0,0,0.97,0
"8-1F4-CA4_3444_2024",57.12531,-111.6645,0,0,0,0,0,0.92,0.079
"8-2A1-CA3_3444_2024",57.179886,-111.99407,0,0,0,0,0,0,1
"8-2A1-CA4_3444_2024",57.18349,-111.967956,0,0,0,0,0,0,1
"8-2A1-CA5_3444_2024",57.1721,-111.99901,0,0,0,0,0,0,1
"8-2A1-CA6_3444_2024",57.17675,-111.97654,0,0,0,0,0,0,1
"8-2B1-CA1_3444_2024",57.203679,-111.687318,0,1,0,0,0,0,0
"8-2B1-CA2_3444_2024",57.211054,-111.687115,0,1,0,0,0,0,0
"8-2B1-CA3_3444_2024",57.206857,-111.689885,0,0.926,0,0,0,0,0.074
"8-2B1-CA4_3444_2024",57.213619,-111.693924,0,0.201,0,0,0,0,0.798
"8-2C1-CA1_3444_2024",57.269506,-112.027679,0,0,0,1,0,0,0
"8-2C1-CA2_3444_2024",57.27628,-112.042165,0,0,0,1,0,0,0
"8-2C1-CA3_3444_2024",57.273054,-112.036884,0,0,0,1,0,0,0
"8-2C1-CA4_3444_2024",57.273225,-112.048161,0,0,0,1,0,0,0
"8-2C2-CA1_3444_2024",57.37075,-112.09386,0,0,0,1,0,0,0
"8-2C2-CA2_3444_2024",57.36771,-112.08326,0,0,0,0.571,0.429,0,0
"8-2C2-CA3_3444_2024",57.3742,-112.07868,0,0.51,0,0.298,0.191,0,0
"8-2C2-CA4_3444_2024",57.37523,-112.09212,0,0,0,1,0,0,0
"8-2E2-CA1_3444_2024",57.273312,-111.890992,0,0,0,0,0.999,0,0
"8-2E2-CA2_3444_2024",57.276067,-111.882975,0,0,0,0,1,0,0
"8-2E2-CA3_3444_2024",57.272308,-111.879767,0,0,0,0,1,0,0
"8-2E2-CA4_3444_2024",57.278349,-111.877935,0,0.43,0,0,0.57,0,0
"8-2E3-CA1_3444_2024",57.3576,-112.05227,0,0.085,0,0,0.914,0,0
"8-2E3-CA2_3444_2024",57.35327,-112.04725,0,0.298,0,0,0.702,0,0
"8-2E3-CA3_3444_2024",57.35723,-112.04459,0,0,0,0,1,0,0
"8-2E3-CA4_3444_2024",57.35176,-112.04058,0,0,0,0,1,0,0
"8-2F3-CA1_3444_2024",57.381237,-111.860704,0,0,0.488,0,0,0.511,0
"8-2F3-CA2_3444_2024",57.379263,-111.8549,0,0,0.012,0,0,0.988,0
"8-2F3-CA3_3444_2024",57.375495,-111.847066,0,0,0,0,0.617,0.383,0
"8-2F3-CA4_3444_2024",57.371409,-111.842134,0,0,0,0,1,0,0
"8-2F3-CA5_3444_2024",57.360854,-111.841222,0,0,0,0,0,1,0
"8-2F4-CA1_3444_2024",57.32519,-111.95238,0,0,0.171,0,0,0.829,0
"8-2F4-CA2_3444_2024",57.32228,-111.9486,0,0,0.202,0,0,0.797,0
"8-2F4-CA3_3444_2024",57.32845,-111.95821,0,0,0,0,0,1,0
"8-2F4-CA4_3444_2024",57.31448,-111.94562,0,0,0,0,0.533,0.467,0
